FY,Section,Page,Category,Units,Fixed_Charge,Energy_Charge,Wheeling_Charge,Raw_Row
2014-15,General,118,Total Power Purchase Quantum Payable,,,110458.0,,"Total Power Purchase Quantum Payable | MU | 1,10,458"
2014-15,General,118,Power Purchase Quantum from Intra-State sources,,,81255.0,,"Power Purchase Quantum from Intra-State sources | MU | 81,255"
2014-15,General,118,Power Purchase Quantum from Inter-State sources at Maharashtra Periphery,,,29203.0,,"Power Purchase Quantum from Inter-State sources at Maharashtra Periphery | MU | 29,203"
2014-15,General,118,Power Purchase Quantum from Inter-State sources,,,30355.0,,"Power Purchase Quantum from Inter-State sources | MU | 30,355"
2014-15,General,118,Total Power Purchase Quantum Payable,,,111609.0,,"Total Power Purchase Quantum Payable | MU | 1,11,609"
2014-15,General,122,Unknown,1,41336.0,14862.0,3.6,"1 | MSPGCL | 41,336 | 14,862 | 3.60"
2014-15,General,122,Unknown,2,24821.0,6783.0,2.73,"2 | NTPC | 24,821 | 6,783 | 2.73"
2014-15,General,122,Unknown,3,5033.0,1213.0,2.41,"3 | NPCIL | 5,033 | 1,213 | 2.41"
2014-15,General,122,Unknown,4,1539.0,316.0,2.05,"4 | SSP | 1,539 | 316 | 2.05"
2014-15,General,122,Unknown,5,131.0,27.0,2.05,5 | Pench | 131 | 27 | 2.05
2014-15,General,122,Unknown,6,1438.0,470.0,3.27,"6 | RGPPL | 1,438 | 470 | 3.27"
2014-15,General,122,Unknown,7,86.0,27.0,3.1,7 | Dodson | 86 | 27 | 3.10
2014-15,General,122,Unknown,8,1978.0,614.0,3.1,"8 | JSW | 1,978 | 614 | 3.10"
2014-15,General,122,Unknown,9,9593.0,2736.0,2.85,"9 | Adani Power | 9,593 | 2,736 | 2.85"
2014-15,General,122,Unknown,10,4908.0,1220.0,2.49,"10 | Mundra UMPP | 4,908 | 1,220 | 2.49"
2014-15,General,122,Unknown,11,1034.0,334.0,3.23,"11 | India Bulls Power | 1,034 | 334 | 3.23"
2014-15,General,122,Unknown,12,6409.0,3347.0,5.22,"12 | NCE | 6,409 | 3,347 | 5.22"
2014-15,General,122,Unknown,13,1274.0,377.0,2.96,"13 | CPP | 1,274 | 377 | 2.96"
2014-15,General,122,Unknown,14,69.0,19.0,2.71,14 | EMCO Energy | 69 | 19 | 2.71
2014-15,General,122,Unknown,15,1697.0,525.0,3.09,"15 | Traders | 1,697 | 525 | 3.09"
2014-15,General,122,Unknown,16,,1055.0,,"16 | Others | (1,232) | 1,055"
2014-15,General,122,Unknown,,100115.0,33922.0,3.39,"TOTAL | 100,115 | 33,922 | 3.39"
2014-15,General,123,Unknown,,,30.83,,30.83
2014-15,General,123,"Pro rata reduction in Energy Charges and FAC as per MSPGCL corrigendum Order dated 19 March, 2014","Pro rata reduction in Energy Charges and FAC as per MSPGCL corrigendum Order dated 19 March, 2014",,-36.65,,"Pro rata reduction in Energy Charges and FAC as per MSPGCL corrigendum Order dated 19 March, 2014 | -36.65"
2014-15,General,123,Infirm power for Bhusawal Unit 5,Infirm power for Bhusawal Unit 5,,27.21,,Infirm power for Bhusawal Unit 5 | 27.21
2014-15,General,123,Total,Total,,74.4,,Total | 74.40
2014-15,General,123,Less:,"Energy Charges short booked by MSEDCL 2013-14 for Bhusawal unit no. 4 of Rs 51, 431/- and for Koradi of Rs 3,46,835/-",,0.04,,"Less: | Energy Charges short booked by MSEDCL 2013-14 for Bhusawal unit no. 4 of Rs 51, 431/- and for Koradi of Rs 3,46,835/- | 0.04"
2014-15,General,123,Less:,"Impact of MERC Order nos. 28 & 44 for Paras unit no.4, Parli unit no.7 as revision in Fixed Charges. Further revision in Variable Charges on account of acceptance of Bunkered Coal GCV by MERC and acceptance of revised Fixed Charges and Variable Charges of Khaperkheda unit no. 5 considered in FY 2012-13 in the books of MSEDCL",,907.89,,"Less: | Impact of MERC Order nos. 28 & 44 for Paras unit no.4, Parli unit no.7 as revision in Fixed Charges. Further revision in Variable Charges on account of acceptance of Bunkered Coal GCV by MERC and acceptance of revised Fixed Charges and Variable Charges of Khaperkheda unit no. 5 considered in FY 2012-13 in the books of MSEDCL | 907.89"
2014-15,General,123,Less:,Withdrawal of Hydro incentive & Fuel adjustment charges has not,,-7.34,,Less: | Withdrawal of Hydro incentive & Fuel adjustment charges has not | -7.34
2014-15,General,124,Less:,,,270.91,,Less: | Solar 1 MW and 125 MW sale considered as non-conventional purchase by MSEDCL | 270.91
2014-15,General,124,Less:,,,14861.93,,"Power purchase cost as per MSEDCL Audited Accounts | 14,861.93"
2014-15,General,124,Power Purchase Expenses,,33922.0,33922.0,,"Power Purchase Expenses | 33,922 | 33,922"
2014-15,General,127,Unknown,MSPGCL,45074.0,19161.0,4.25,"MSPGCL | 45,074 | 19,161 | 4.25"
2014-15,General,127,Unknown,NTPC,24452.0,7248.0,2.96,"NTPC | 24,452 | 7,248 | 2.96"
2014-15,General,127,Unknown,NPCL,5057.0,1218.0,2.41,"NPCL | 5,057 | 1,218 | 2.41"
2014-15,General,127,Unknown,SSP,768.0,157.0,2.05,SSP | 768 | 157 | 2.05
2014-15,General,127,Unknown,PENCH,125.0,26.0,2.05,PENCH | 125 | 26 | 2.05
2014-15,General,127,Unknown,JSW POWER,2006.0,575.0,2.87,"JSW POWER | 2,006 | 575 | 2.87"
2014-15,General,127,Unknown,TRADERS,3267.0,1219.0,3.73,"TRADERS | 3,267 | 1,219 | 3.73"
2014-15,General,127,Unknown,DODSON (DLHP),69.0,23.0,3.35,DODSON (DLHP) | 69 | 23 | 3.35
2014-15,General,127,Unknown,CGPL,4823.0,1183.0,2.45,"CGPL | 4,823 | 1,183 | 2.45"
2014-15,General,127,Unknown,Adani,15991.0,4898.0,3.06,"Adani | 15,991 | 4,898 | 3.06"
2014-15,General,127,Unknown,India Bulls,1943.0,593.0,3.05,"India Bulls | 1,943 | 593 | 3.05"
2014-15,General,127,Unknown,EMCO,1444.0,396.0,2.75,"EMCO | 1,444 | 396 | 2.75"
2014-15,General,127,Unknown,FBSM,,20.0,,FBSM | (240) | 20 | (0.82)
2014-15,General,127,Unknown,PGCIL,,1207.0,,"PGCIL | 1,207"
2014-15,General,127,Unknown,Reactive Charges,,3.0,,Reactive Charges | 3
2014-15,General,127,Unknown,NCE,8700.0,4590.0,5.28,"NCE | 8,700 | 4,590 | 5.28"
2014-15,General,127,Unknown,Total,113480.0,42517.0,3.75,"Total | 1,13,480 | 42,517 | 3.75"
2014-15,LT_Agriculture,128,Unknown,,,113480.0,,"A | MU | 1,13,480"
2014-15,LT_Agriculture,128,Unknown,,,105945.0,,"B | MU | 1,05,945"
2014-15,LT_Agriculture,128,Unknown,Total Excess Power Purchase,,7535.0,,"Total Excess Power Purchase | C=A-B | MU | 7,535"
2014-15,LT_Agriculture,128,Unknown,Avg. Power Purchase Cost (APPC),,3.75,,Avg. Power Purchase Cost (APPC) | D | Rs./kWh | 3.75
2014-15,LT_Agriculture,128,Unknown,,,2823.0,,"E=C*D/10 | Rs. Crore | 2,823"
2014-15,General,135,Mundra UMPP,,4000.0,800.0,,Mundra UMPP | 4000 | 800
2014-15,General,135,Adani Power 1320 MW,,1320.0,1320.0,,Adani Power 1320 MW | 1320 | 1320
2014-15,General,135,Adani Power 1200 MW,,1200.0,1200.0,,Adani Power 1200 MW | 1200 | 1200
2014-15,General,135,EMCO Power,,200.0,200.0,,EMCO Power | 200 | 200
2014-15,General,135,India Bulls Power,,1200.0,1200.0,,India Bulls Power | 1200 | 1200
2014-15,General,135,Adani Power 125 MW,,125.0,125.0,,Adani Power 125 MW | 125 | 125
2014-15,General,135,JSW Energy,,300.0,300.0,,JSW Energy | 300 | 300
2014-15,General,137,S No.,KAPP,1050.0,2.46,1050.0,"1 | KAPP | 1050 | 2.46 | 1,050"
2014-15,General,137,S No.,TAPP 1&2,1200.0,1.04,1200.0,"2 | TAPP 1&2 | 1200 | 1.04 | 1,200"
2014-15,General,137,S No.,TAPP 3&4,3300.0,3.07,3300.0,"3 | TAPP 3&4 | 3300 | 3.07 | 3,300"
2014-15,General,137,S No.,NCE excluding CPP,11218.0,5.81,11218.0,"4 | NCE excluding CPP | 11218 | 5.81 | 11,218"
2014-15,General,137,S No.,CPP,1977.0,2.51,1977.0,"5 | CPP | 1977 | 2.51 | 1,977"
2014-15,General,137,S No.,Dodson I,56.0,2.45,56.0,6 | Dodson I | 56 | 2.45 | 56
2014-15,General,137,S No.,Dodson II,64.0,1.83,64.0,7 | Dodson II | 64 | 1.83 | 64
2014-15,General,137,S No.,SSP,1200.0,2.21,1200.0,"8 | SSP | 1200 | 2.21 | 1,200"
2014-15,General,137,S No.,Pench,130.0,2.21,130.0,9 | Pench | 130 | 2.21 | 130
2014-15,General,137,S No.,MSPGCL Hydro*,4612.0,4612.0,,"10 | MSPGCL Hydro* | 4612 | 4,612"
2014-15,General,137,S No.,Excluded from MOD,24807.0,24807.0,,"A | Excluded from MOD | 24,807 | 24,807"
2014-15,General,137,S No.,KSTPS III,936.0,1.12,936.0,1 | KSTPS III | 936 | 1.12 | 936
2014-15,General,138,2,,4661.0,1.13,4661.0,"2 | KSTPS | 4,661 | 1.13 | 4,661"
2014-15,General,138,3,,1481.0,1.25,1481.0,"3 | Koradi Unit No. 10 | 1,481 | 1.25 | 1,481"
2014-15,General,138,4,,1781.0,1.25,1781.0,"4 | Koradi Unit No. 9 | 1,781 | 1.25 | 1,781"
2014-15,General,138,5,,2962.0,1.25,2962.0,"5 | Koradi Unit No. 8 | 2,962 | 1.25 | 2,962"
2014-15,General,138,6,,2170.0,1.26,2170.0,"6 | Chandrapur Unit No. 8 | 2,170 | 1.26 | 2,170"
2014-15,General,138,7,,1562.0,1.26,1562.0,"7 | Chandrapur Unit No. 9 | 1,562 | 1.26 | 1,562"
2014-15,General,138,8,,2123.0,1.5,2123.0,"8 | VSTP III | 2,123 | 1.50 | 2,123"
2014-15,General,138,9,,1370.0,1.5,1370.0,"9 | EMCO Power | 1,370 | 1.50 | 1,370"
2014-15,General,138,10,,2292.0,1.53,2292.0,"10 | VSTP IV | 2,292 | 1.53 | 2,292"
2014-15,General,138,11,,557.0,1.53,557.0,11 | VSTP V | 557 | 1.53 | 557
2014-15,General,138,12,,2548.0,1.54,2548.0,"12 | VSTP II | 2,548 | 1.54 | 2,548"
2014-15,General,138,13,,8511.0,1.55,8511.0,"13 | Adani Power 1320 MW | 8,511 | 1.55 | 8,511"
2014-15,General,138,14,,5158.0,1.55,5158.0,"14 | Mundra UMPP | 5,158 | 1.55 | 5,158"
2014-15,General,138,15,,4363.0,1.58,4363.0,"15 | SIPAT TPS 1 | 4,363 | 1.58 | 4,363"
2014-15,General,138,16,,2068.0,1.6,2068.0,"16 | SIPAT TPS 2 | 2,068 | 1.60 | 2,068"
2014-15,General,138,17,,3268.0,1.62,3268.0,"17 | VSTP I | 3,268 | 1.62 | 3,268"
2014-15,General,138,18,,3125.0,1.95,3125.0,"18 | Paras Unit No. 3 and Unit No. 4 | 3,125 | 1.95 | 3,125"
2014-15,General,138,19,,1913.0,2.05,1913.0,"19 | IPP – JSW | 1,913 | 2.05 | 1,913"
2014-15,General,138,20,,8220.0,2.16,8220.0,"20 | Adani Power 1200 MW | 8,220 | 2.16 | 8,220"
2014-15,General,138,21,,5330.0,2.25,5330.0,"21 | Khaperkheda | 5,330 | 2.25 | 5,330"
2014-15,General,138,22,,451.0,2.27,451.0,22 | Parli Unit No. 8 | 451 | 2.27 | 451
2014-15,General,138,23,,3072.0,2.33,3072.0,"23 | Khaperkheda Unit No. 5 | 3,072 | 2.33 | 3,072"
2014-15,General,138,24,,5319.0,2.46,5319.0,"24 | India Bulls Power | 5,319 | 2.46 | 5,319"
2014-15,General,138,25,,13183.0,2.53,11562.0,"25 | Chandrapur | 13,183 | 2.53 | 11,562"
2014-15,General,138,26,,3509.0,2.54,,"26 | Bhusawal Unit 4 | 3,509 | 2.54"
2014-15,General,138,27,,3509.0,2.54,,"27 | Bhusawal Unit No. 5 | 3,509 | 2.54"
2014-15,General,138,28,,3149.0,2.58,,"28 | Uran | 3,149 | 2.58"
2014-15,General,138,29,,1404.0,2.67,,"29 | Gandhar | 1,404 | 2.67"
2014-15,General,138,30,,1017.0,2.69,,"30 | KhSTPS-II | 1,017 | 2.69"
2014-15,General,138,31,,3416.0,2.72,,"31 | Parli Unit No. 6 and Unit No. 7 | 3,416 | 2.72"
2014-15,General,138,32,,1432.0,2.86,,"32 | Kawas | 1,432 | 2.86"
2014-15,General,138,33,,2758.0,2.97,,"33 | Parli | 2,758 | 2.97"
2014-15,General,138,34,,856.0,3.02,,34 | Adani Power 125 MW | 856 | 3.02
2014-15,General,138,35,,1899.0,3.15,,"35 | Koradi | 1,899 | 3.15"
2014-15,General,138,36,,1495.0,3.28,,"36 | Bhusawal | 1,495 | 3.28"
2014-15,General,138,37,,3833.0,3.95,,"37 | Nasik | 3,833 | 3.95"
2014-15,General,139,38,,1488.0,3.99,,"38 | Mauda | 1,488 | 3.99"
2014-15,General,139,B,,118189.0,86803.0,,"B | Total Power Purchase | 1,18,189 | 86,803"
2014-15,General,139,Unknown,,,38106.0,,"38,106 | 7,610 | 1.78 | 6,800 | 14,410 | 3.78"
2014-15,General,139,KSTPS,,4661.0,282.0,1.13,"KSTPS | 4,661 | 282 | 1.13 | 525 | 14 | 821 | 1.76"
2014-15,General,139,KSTPS III,,936.0,167.0,1.12,KSTPS III | 936 | 167 | 1.12 | 105 | 7 | 279 | 2.98
2014-15,General,139,VSTP I,,3268.0,224.0,1.62,"VSTP I | 3,268 | 224 | 1.62 | 531 | 208 | 963 | 2.95"
2014-15,General,139,VSTP II,,2548.0,178.0,1.54,"VSTP II | 2,548 | 178 | 1.54 | 392 | 185 | 756 | 2.97"
2014-15,General,139,VSTP III,,2123.0,258.0,1.5,"VSTP III | 2,123 | 258 | 1.50 | 318 | 133 | 709 | 3.34"
2014-15,General,139,VSTP IV,,2292.0,188.0,1.53,"VSTP IV | 2,292 | 188 | 1.53 | 351 | 2 | 541 | 2.36"
2014-15,General,139,VSTP V,,557.0,192.0,1.53,VSTP V | 557 | 192 | 1.53 | 85 | 278 | 4.98
2014-15,General,139,KAWAS,,0.0,128.0,2.86,KAWAS | 0 | 128 | 2.86 | 0 | (4) | 124
2014-15,General,139,GANDHAR,,0.0,178.0,2.67,GANDHAR | 0 | 178 | 2.67 | 0 | 4 | 181
2014-15,General,139,KhSTPS-II,,0.0,137.0,2.69,KhSTPS-II | 0 | 137 | 2.69 | 0 | 9 | 146
2014-15,General,139,SIPAT TPS 2,,2068.0,280.0,1.6,"SIPAT TPS 2 | 2,068 | 280 | 1.60 | 331 | 104 | 715 | 3.46"
2014-15,General,139,SIPAT TPS 1,,4363.0,665.0,1.58,"SIPAT TPS 1 | 4,363 | 665 | 1.58 | 691 | 39 | 1,395 | 3.20"
2014-15,General,139,Mauda,,0.0,455.0,3.99,Mauda | 0 | 455 | 3.99 | 0 | (25) | 430
2014-15,General,140,Unknown,NTPC(Sub total),,22817.0,,"NTPC(Sub total) | 22,817 | 3,333 | 3,330 | 677 | 7,340 | 3.22"
2014-15,General,140,KAPP,,1050.0,0.0,2.46,"KAPP | 1,050 | 0 | 2.46 | 258 | 14 | 271 | 2.58"
2014-15,General,140,TAPP 1&2,,1200.0,0.0,1.04,"TAPP 1&2 | 1,200 | 0 | 1.04 | 125 | 7 | 132 | 1.10"
2014-15,General,140,TAPP 3&4,,3300.0,0.0,3.07,"TAPP 3&4 | 3,300 | 0 | 3.07 | 1,013 | 24 | 1,037 | 3.14"
2014-15,General,140,TAPP 3&4,,,5550.0,,"5,550 | 0 | 1,395 | 44 | 1,440 | 2.59"
2014-15,General,140,SSP,,1200.0,0.0,2.21,"SSP | 1,200 | 0 | 2.21 | 265 | 265 | 2.21"
2014-15,General,140,Pench,,130.0,3.0,2.21,Pench | 130 | 3 | 2.21 | 29 | 32 | 2.43
2014-15,General,140,Dodson I,,56.0,0.0,2.45,Dodson I | 56 | 0 | 2.45 | 14 | 0 | 14 | 2.49
2014-15,General,140,Dodson II,,64.0,0.0,1.83,Dodson II | 64 | 0 | 1.83 | 12 | 0 | 12 | 1.84
2014-15,General,140,IPP - JSW,,1913.0,197.0,2.05,"IPP - JSW | 1,913 | 197 | 2.05 | 393 | 5 | 595 | 3.11"
2014-15,General,140,Mundra UMPP,,5158.0,469.0,1.55,"Mundra UMPP | 5,158 | 469 | 1.55 | 801 | 1 | 1,271 | 2.46"
2014-15,General,140,Adani Power 125 MW,,0.0,120.0,3.02,Adani Power 125 MW | 0 | 120 | 3.02 | 0 | 120
2014-15,General,140,Adani Power 1320 MW,,8511.0,947.0,1.55,"Adani Power 1320 MW | 8,511 | 947 | 1.55 | 1,319 | 2,266 | 2.66"
2014-15,General,140,Adani Power 1200 MW,,8220.0,1156.0,2.16,"Adani Power 1200 MW | 8,220 | 1156 | 2.16 | 1,773 | 2,929 | 3.56"
2014-15,General,140,EMCO Power,,1370.0,182.0,1.5,"EMCO Power | 1,370 | 182 | 1.50 | 206 | 388 | 2.83"
2014-15,General,140,India Bulls Power,,5319.0,585.0,2.46,"India Bulls Power | 5,319 | 585 | 2.46 | 1,309 | 1,894 | 3.56"
2014-15,General,140,NCE Excluding CPP,,11218.0,0.0,5.81,"NCE Excluding CPP | 11,218 | 0 | 5.81 | 6,520 | 6,520 | 5.81"
2014-15,General,140,CPP,,1977.0,0.0,2.51,"CPP | 1,977 | 0 | 2.51 | 496 | 496 | 2.51"
2014-15,General,140,CPP,,,45136.0,,"45,136 | 3,659 | 13,136 | 6 | 16,801 | 3.72"
2014-15,General,141,Unknown,Power Grid,1250.0,1250.0,,"Power Grid | 1,250 | 1,250"
2014-15,General,141,Unknown,Reactive Energy,4.01,4.01,,Reactive Energy | 4.01 | 4.01
2014-15,General,141,Unknown,Wheeling Charges,4.72,4.72,,Wheeling Charges | 4.72 | 4.72
2014-15,General,141,Unknown,,,111609.0,,"1,11,609 | 14,602 | 25,919 | 728 | 41,249 | 3.70"
2014-15,General,178,RLC refund,,402.0,402.0,488.0,RLC refund | 402 | 402 | 488 | 38 | 450
2014-15,General,179,Non-Tariff Income,,1640.0,1640.0,1722.0,"Non-Tariff Income | 1,640 | 1,640 | 1,722 | 1,761 | 1,807 | 1,847"
2014-15,General,179,Income from Open Access charges,,404.0,404.0,424.0,Income from Open Access charges | 404 | 404 | 424 | 296 | 445 | 311
2014-15,General,187,Base Load in MW,,,8454.0,,Base Load in MW | 8454
2014-15,General,187,Contracted Peak Load Supply in MW,,,13830.0,,Contracted Peak Load Supply in MW | 13830
2014-15,General,187,Peak Load in MW,,,14406.0,,Peak Load in MW | 14406
2014-15,General,187,2.,,,5.0,,2. | Power purchase expenses – Fixed Charges | 05 | 100%
2014-15,General,188,1,,,443.0,,1 | Power Purchase Expenses (including Inter-State Transmission Charges) | 443
2014-15,General,188,2,,4140.0,3718.0,,"2 | Operation & Maintenance Expenses | 4,140 | 3,718"
2014-15,General,188,3,,1673.0,1450.0,,"3 | Depreciation Expenses | 1,673 | 1,450"
2014-15,General,188,4,,1294.0,1322.0,,"4 | Interest on Long-term Loan Capital | 1,294 | 1,322"
2014-15,General,188,5,,263.0,219.0,,5 | Interest on Working Capital and on consumer Security Deposits | 263 | 219
2014-15,General,188,6,,371.0,33.0,,6 | Other Finance Charges | 371 | 33
2014-15,General,188,7,,35.0,21.0,,7 | Provisioning for Bad & Doubtful Debts | 35 | 21
2014-15,General,188,8,,10.0,93.0,,8 | Income Tax | 10 | 93
2014-15,General,188,10,,8231.0,6855.0,,"10 | Total Revenue Expenditure | 8,231 | 6,855"
2014-15,General,188,11,,1349.0,1133.0,,"11 | Return on Equity Capital | 1,349 | 1,133"
2014-15,General,188,12,,9580.0,7989.0,,"12 | Aggregate Revenue Requirement | 9,580 | 7,989"
2014-15,General,188,13,,19.0,19.0,,13 | Less: Income from Wheeling Charges | 19 | 19
2014-15,General,188,14,,404.0,404.0,,14 | Less: Income from Open Access Charges | 404 | 404
2014-15,General,188,15,,,156.0,,15 | Effect of sharing of gains/losses | 156
2014-15,General,188,16,,9157.0,7722.0,,"16 | Aggregate Revenue Requirement for Wires Business | 9,157 | 7,722"
2014-15,General,188,1,,33480.0,33922.0,,"1 | Power Purchase Expenses (including Inter-State Transmission Charges) | 33,480 | 33,922"
2014-15,General,188,2,,1179.0,1686.0,,"2 | Operation & Maintenance Expenses | 1,179 | 1,686"
2014-15,General,190,13,,219.0,219.0,,13 | Incentives/Discounts | 219 | 219
2014-15,General,190,14,,739.0,272.0,,14 | Prior Period Expenses | 739 | 272
2014-15,General,190,16,,50942.0,49536.0,,"16 | Total Revenue Expenditure | 50,942 | 49,536"
2014-15,General,190,17,,1517.0,1276.0,,"17 | Return on Equity Capital | 1,517 | 1,276"
2014-15,General,190,18,,52459.0,50812.0,,"18 | Aggregate Revenue Requirement | 52,459 | 50,812"
2014-15,General,190,19,,1640.0,1640.0,,"19 | Less: Non-Tariff Income | 1,640 | 1,640"
2014-15,General,190,20,,19.0,19.0,,20 | Less: Income from Wheeling Charges | 19 | 19
2014-15,General,190,21,,404.0,404.0,,21 | Less: Income from Open Access Charges | 404 | 404
2014-15,General,190,22,,,85.0,,22 | Less: Deemed Revenue for undue category change | 85
2014-15,General,190,23,,402.0,402.0,,23 | Add: RLC refund | 402 | 402
2014-15,General,190,24,,,12.0,,24 | Effect of sharing of gains/losses | 12
2014-15,General,190,25,,50798.0,49078.0,,"25 | Aggregate Revenue Requirement from Retail Tariff | 50,798 | 49,078"
2014-15,General,190,26,,50961.0,50961.0,,"26 | Less: Revenue from Sale of Power | 50,961 | 50,961"
2014-15,General,190,27,,98.0,98.0,,27 | Less: Revenue from Trading Surplus | 98 | 98
2014-15,General,190,1,,546.0,670.0,,1 | Power Purchase Expenses (including Inter-State Transmission Charges) | 546 | 670
2014-15,General,190,2,,4381.0,4114.0,4988.0,"2 | Operation & Maintenance Expenses | 4,381 | 4,114 | 4,988 | 4,627"
2014-15,General,190,3,,1879.0,1746.0,2060.0,"3 | Depreciation Expenses | 1,879 | 1,746 | 2,060 | 1,920"
2014-15,General,190,4,,1301.0,1432.0,1351.0,"4 | Interest on Long-term Loan Capital | 1,301 | 1,432 | 1,351 | 1,512"
2014-15,General,190,5,,309.0,244.0,306.0,5 | Interest on Working Capital and on consumer security deposits | 309 | 244 | 306 | 268
2014-15,General,190,6,,1414.0,34.0,35.0,"6 | Other Finance Charges | 1,414 | 34 | 35 | 35"
2014-15,General,193,16,,1665.0,1412.0,1784.0,"16 | Return on Equity Capital | 1,665 | 1,412 | 1,784 | 1,530"
2014-15,General,193,17,,61477.0,65965.0,,"17 | Aggregate Revenue Requirement | 61,477 | 57,31 2 | 65,965 | 58,34 2"
2014-15,General,193,18,,1722.0,1761.0,1807.0,"18 | Less: Non-Tariff Income | 1,722 | 1,761 | 1,807 | 1,847"
2014-15,General,193,19,,20.0,20.0,21.0,19 | Less: Income from Wheeling Charges | 20 | 20 | 21 | 21
2014-15,General,193,20,,424.0,296.0,445.0,20 | Less: Income from Open Access Charges | 424 | 296 | 445 | 311
2014-15,General,193,21,,,102.0,,21 | Less: Deemed Revenue for undue category change | 102
2014-15,General,193,22,,488.0,38.0,450.0,22 | Add: RLC refund | 488 | 38 | 450
2014-15,General,193,24,,59800.0,63692.0,,"24 | Aggregate Revenue Requirement from Retail Tariff | 59,800 | 55,17 1 | 63,692 | 56,61 3"
2014-15,General,193,25,,54020.0,59419.0,,"25 | Less: Revenue from Sale of Power | 54,020 | 55,25 9 | 59,419 | 58,97 8"
2014-15,General,193,26,,2339.0,180.0,4590.0,"26 | Less: Revenue from Trading Surplus | 2,339 | 180 | 4,590"
2014-15,General,193,27,,,3442.0,,"27 | Revenue Gap/(Surplus) | 3,442 | (269) | (316) | (2,365 )"
2014-15,General,198,Income Tax for FY 2011-12,,,12.0,,Income Tax for FY 2011-12 | 12
2014-15,General,198,Income Tax for FY 2012-13,,,65.0,,Income Tax for FY 2012-13 | 65
2014-15,General,198,Total,,,77.0,,Total | 77
2014-15,General,199,Case No. 201 of 2014,"Bhusawal Units 4, 5 - Capital Cost & Tariff Order",,1197.67,,"Case No. 201 of 2014 | Bhusawal Units 4, 5 - Capital Cost & Tariff Order | 1197.67"
2014-15,General,199,Balance Gap in Final True Up,,365.0,1639.0,12.0,"Balance Gap in Final True Up | 11-Jun-14 | 01-Apr-14 | 01-Apr-15 | 365 | 1,639 | 12 | 199"
2014-15,General,199,Capex Related Expenses,,2069.0,54.0,69.0,Capex Related Expenses | 30-May-14 | 01-Aug-09 | 01-Apr-15 | 2069 | 54 | 69 | 37
2014-15,General,199,Income Tax Disallowed,,365.0,77.0,12.0,Income Tax Disallowed | 11-Jun-14 | 01-Apr-14 | 01-Apr-15 | 365 | 77 | 12 | 9
2014-15,General,199,01-Aug-14,,6.92,243.0,8.0,01-Aug-14 | 01-Apr-15 | 6.92 | 243 | 8 | 0.56
2014-15,General,199,01-Sep-14,,6.92,212.0,7.0,01-Sep-14 | 01-Apr-15 | 6.92 | 212 | 7 | 0.49
2014-15,General,199,01-Oct-14,,6.92,182.0,6.0,01-Oct-14 | 01-Apr-15 | 6.92 | 182 | 6 | 0.42
2014-15,General,199,01-Nov-14,,6.92,151.0,5.0,01-Nov-14 | 01-Apr-15 | 6.92 | 151 | 5 | 0.35
2014-15,General,199,01-Dec-14,,6.92,121.0,4.0,01-Dec-14 | 01-Apr-15 | 6.92 | 121 | 4 | 0.28
2014-15,LT_Residential,226,HT I: HT – Industry,,190.0,220.0,,HT I: HT – Industry | Rs. / kVA/Month | 190 | 220
2014-15,LT_Residential,226,HT II: HT – Commercial,,190.0,220.0,,HT II: HT – Commercial | Rs. / kVA/Month | 190 | 220
2014-15,LT_Residential,226,HT IV: HT – Public Water Works (PWW),,190.0,220.0,,HT IV: HT – Public Water Works (PWW) | Rs. / kVA/Month | 190 | 220
2014-15,LT_Residential,226,HT V: HT – Agriculture,,30.0,30.0,,HT V: HT – Agriculture | Rs. / kVA/Month | 30 | 30
2014-15,LT_Residential,226,HT VI: HT – Bulk Supply (Residential),,160.0,220.0,,HT VI: HT – Bulk Supply (Residential) | Rs. / kVA/Month | 160 | 220
2014-15,General,228,(A) 0-20 kW,,190.0,220.0,,(A) 0-20 kW | Rs./Connection/Month | 190 | 220
2014-15,General,228,(B) > 20 kW and < 50 kW,,190.0,220.0,,(B) > 20 kW and < 50 kW | Rs. / kVA/Month | 190 | 220
2014-15,General,228,(C) > 50 kW,,190.0,220.0,,(C) > 50 kW | Rs. / kVA/Month | 190 | 220
2014-15,General,235,0800 hours to 1200 hours,,,80.0,,0800 hours to 1200 hours | 80
2014-15,General,235,1200 hours to 1800 hours,,,0.0,,1200 hours to 1800 hours | 0
2014-15,General,235,1800 hours to 2000 hours,,,110.0,,1800 hours to 2000 hours | 110
2014-15,LT_Residential,261,Unknown,TPC-D,117.12,9.76,,TPC-D | 5.01% | 29.58% | 117.12 | 9.76
2014-15,LT_Residential,261,Unknown,RInfra-D,172.03,14.34,,RInfra-D | 7.36% | 43.44% | 172.03 | 14.34
2014-15,LT_Residential,261,Unknown,BEST,106.84,8.9,,BEST | 4.57% | 26.98% | 106.84 | 8.90
2014-15,LT_Residential,261,Unknown,Total,396.0,33.0,,Total | 100.00% | 100.00% | 396.00 | 33.00
2014-15,LT_Commercial,262,2200 Hrs-0600 Hrs,,,-1.5,,2200 Hrs-0600 Hrs | -1.50
2014-15,LT_Commercial,262,0600 Hrs-0900 Hrs & 1200 Hrs-1800 Hrs,,,0.0,,0600 Hrs-0900 Hrs & 1200 Hrs-1800 Hrs | 0.00
2014-15,LT_Commercial,262,0900 Hrs-1200 Hrs,,,0.8,,0900 Hrs-1200 Hrs | 0.80
2014-15,LT_Commercial,262,1800 Hrs-2200 Hrs,,,1.1,,1800 Hrs-2200 Hrs | 1.10
2014-15,LT_Residential,263,1,,64136.0,55602.0,,"1 | Total Revenue Requirement (Rs. Crore) | 64,136 | 55,602"
2014-15,LT_Residential,263,2,,93316.0,92216.0,,"2 | Total Sales (MU) | 93,316 | 92,216"
2014-15,LT_Residential,263,3,,6.87,6.03,,3 | Average Cost of Supply (Rs. / kWh) | 6.87 | 6.03
2014-15,LT_Residential,263,LT I: Residential,,6.03,5.69,7.22,LT I: Residential | 6.03 | 5.69 | 7.22 | 27% | 5.81 | 2%
2014-15,LT_Residential,263,LT II: Non-Residential,,10.05,10.83,10.33,LT II: Non-Residential | 10.05 | 10.83 | 8% | 10.33 | 3%
2014-15,LT_Residential,263,LT III: Public Water Works (PWW),,3.25,4.23,3.33,LT III: Public Water Works (PWW) | 3.25 | 4.23 | 30% | 3.33 | 2%
2014-15,LT_Residential,263,LT IV (A): Agriculture Un- metered – Pumpsets,,3.32,3.34,3.53,LT IV (A): Agriculture Un- metered – Pumpsets | 3.32 | 3.34 | 0% | 3.53 | 6%
2014-15,LT_Residential,263,LT IV (B): Agriculture Metered – Pumpsets,,2.75,2.81,2.81,LT IV (B): Agriculture Metered – Pumpsets | 2.75 | 2.81 | 2% | 2.81 | 2%
2014-15,LT_Residential,263,LT IV (C): Agriculture Metered – Others,,,4.17,,LT IV (C): Agriculture Metered – Others | 4.17
2014-15,LT_Residential,263,LT V : Industry,,7.69,8.09,7.12,LT V : Industry | 7.69 | 8.09 | 5% | 7.12 | -7%
2014-15,LT_Residential,263,LT VI: Street Lights,,5.04,6.81,5.17,LT VI: Street Lights | 5.04 | 6.81 | 35% | 5.17 | 2%
2014-15,LT_Residential,264,LT VII (B): Temporary Supply Others (TSO),,17.69,17.82,15.66,LT VII (B): Temporary Supply Others (TSO) | 17.69 | 17.82 | 1% | 15.66 | -11%
2014-15,LT_Residential,264,LT VIII: Advertisments and Hoardings,,26.98,30.59,21.4,LT VIII: Advertisments and Hoardings | 26.98 | 30.59 | 13% | 21.40 | -21%
2014-15,LT_Residential,264,LT IX: Crematorium & Burial Grounds,,4.0,5.05,4.12,LT IX: Crematorium & Burial Grounds | 4.00 | 5.05 | 26% | 4.12 | 3%
2014-15,LT_Residential,264,LT X: Public Services,,9.13,10.23,7.76,LT X: Public Services | 9.13 | 10.23 | 12% | 7.76 | -15%
2014-15,LT_Residential,264,LT X: Public Services,Total LT Category,5.08,5.79,5.13,Total LT Category | 5.08 | 5.79 | 14% | 5.13 | 1%
2014-15,LT_Residential,264,Unknown,,,2015.0,,2015
2014-15,LT_Residential,264,HT I (A): Industry (Express Feeder),,6.03,8.75,8.95,HT I (A): Industry (Express Feeder) | 6.03 | 8.75 | 8.95 | 2% | 8.02 | -8%
2014-15,LT_Residential,264,HT I (B): Industry (Non- Express Feeder),,7.9,7.48,,HT I (B): Industry (Non- Express Feeder) | 7.90 | 13% | 7.48 | -5%
2014-15,LT_Residential,264,HT II: Commercial,,12.89,13.75,12.14,HT II: Commercial | 12.89 | 13.75 | 7% | 12.14 | -6%
2014-15,LT_Residential,264,HT III: Railways,,9.37,10.12,8.46,HT III: Railways | 9.37 | 10.12 | 8% | 8.46 | -10%
2014-15,LT_Residential,264,HT IV: Public Water Works (PWW),,5.89,7.25,6.03,HT IV: Public Water Works (PWW) | 5.89 | 7.25 | 23% | 6.03 | 2%
2014-15,LT_Residential,264,HT V: Agricultural,,3.48,3.72,3.56,HT V: Agricultural | 3.48 | 3.72 | 7% | 3.56 | 2%
2014-15,LT_Residential,264,HT VI: Bulk Supply (Residential),,6.58,8.58,6.9,HT VI: Bulk Supply (Residential) | 6.58 | 8.58 | 30% | 6.90 | 5%
2014-15,LT_Residential,264,HT VIII (B): Temporary (Others),,17.91,20.61,16.39,HT VIII (B): Temporary (Others) | 17.91 | 20.61 | 15% | 16.39 | -8%
2014-15,LT_Residential,264,HT IX: Public Services,,9.33,11.2,9.3,HT IX: Public Services | 9.33 | 11.20 | 20% | 9.30 | -0.3%
2014-15,LT_Residential,264,HT X: Ports,,11.47,13.06,11.32,HT X: Ports | 11.47 | 13.06 | 14% | 11.32 | -1%
2014-15,LT_Residential,264,HT X: Ports,Total HT Category,8.47,9.15,7.94,Total HT Category | 8.47 | 9.15 | 8% | 7.94 | -6%
2014-15,LT_Residential,265,Category,,,2015.0,,kWh) | (Feb | 2015 | /kWh) | Tariff | Tariff | Case No.
2014-15,LT_Residential,265,Category,,,1.0,,(a) | (b) | (c) | (d) | ( | f )= (d)/(c)- | 1 | (g)
2014-15,LT_Residential,265,LT I: Residential,,6.03,5.95,5.69,LT I: Residential | 6.03 | 5.95 | 5.69 | 5.81 | -2% | 2% | 88% | 96%
2014-15,LT_Residential,265,(A) BPL,,1.52,1.39,1.39,(A) BPL | 1.52 | 1.39 | 1.39 | -8% | 0% | 21% | 23%
2014-15,LT_Residential,265,(B) Domestic (other than BPL),,5.98,5.71,5.84,(B) Domestic (other than BPL) | 5.98 | 5.71 | 5.84 | -2% | 2% | 89% | 97%
2014-15,LT_Residential,265,LT II: Non-Residential,,10.78,10.05,10.33,LT II: Non-Residential | 10.78 | 10.05 | 10.33 | -4% | 3% | 176% | 171%
2014-15,LT_Residential,265,LT III: Public Water Works (PWW),,3.46,3.25,3.33,LT III: Public Water Works (PWW) | 3.46 | 3.25 | 3.33 | -4% | 2% | 53% | 55%
2014-15,LT_Residential,265,LT IV (A): Agriculture Pumpsets – Un-metered,,3.34,3.32,3.53,LT IV (A): Agriculture Pumpsets – Un-metered | 3.34 | 3.32 | 3.53 | 6% | 6% | 44% | 59%
2014-15,LT_Residential,265,LT IV (B): Agriculture Pumpsets – Metered,,2.81,2.75,2.81,LT IV (B): Agriculture Pumpsets – Metered | 2.81 | 2.75 | 2.81 | 0% | 2% | 42% | 47%
2014-15,LT_Residential,265,LT IV (C): Agriculture Others – Metered,,2.81,2.75,,LT IV (C): Agriculture Others – Metered | 2.81 | 2.75 | 69%
2014-15,LT_Residential,265,LT IV (C): Agriculture Others – Metered,,,4.17,,4.17
2014-15,LT_Residential,265,LT V: Industry,,8.17,7.69,7.12,LT V: Industry | 8.17 | 7.69 | 7.12 | -13% | -7% | 129% | 118%
2014-15,LT_Residential,265,LT VI: Street Lights,,5.38,5.04,5.17,LT VI: Street Lights | 5.38 | 5.04 | 5.17 | -4% | 2% | 84% | 86%
2014-15,LT_Residential,265,LT VII (B): Temporary Supply Others (TSO),,18.71,17.69,15.66,LT VII (B): Temporary Supply Others (TSO) | 18.71 | 17.69 | 15.66 | -16% | -11% | 280% | 260%
2014-15,LT_Residential,265,LT VIII: Advertisments and Hoardings,,29.38,26.98,21.4,LT VIII: Advertisments and Hoardings | 29.38 | 26.98 | 21.40 | -27% | -21% | 420% | 355%
2014-15,LT_Residential,265,LT IX: Crematorium & Burial Grounds,,4.31,4.0,4.12,LT IX: Crematorium & Burial Grounds | 4.31 | 4.00 | 4.12 | -4% | 3% | 67% | 68%
2014-15,LT_Residential,265,LT X: Public Services,,9.34,9.13,7.76,LT X: Public Services | 9.34 | 9.13 | 7.76 | -17% | -15% | 129% | 129%
2014-15,LT_Residential,265,LT X: Public Services,Total LT Categories,5.26,5.08,5.13,Total LT Categories | 5.26 | 5.08 | 5.13 | -3% | 1% | 78% | 85%
2014-15,LT_Residential,265,HT I: Industry,,6.03,8.55,8.35,HT I: Industry | 6.03 | 8.55 | 8.35 | 7.76 | -9% | -7% | 135% | 129%
2014-15,LT_Residential,265,HT I (A): Industry (Express Feeder),,8.93,8.75,8.02,HT I (A): Industry (Express Feeder) | 8.93 | 8.75 | 8.02 | -10% | -8% | 138% | 133%
2014-15,LT_Residential,265,HT I (B): Industry (Non-Express Feeder),,8.13,7.9,7.48,HT I (B): Industry (Non-Express Feeder) | 8.13 | 7.90 | 7.48 | -8% | -5% | 131% | 124%
2014-15,LT_Residential,265,HT II: Commercial,,13.18,12.89,12.14,HT II: Commercial | 13.18 | 12.89 | 12.14 | -8% | -6% | 201% | 201%
2014-15,LT_Residential,265,HT III: Railways,,9.41,9.37,8.46,HT III: Railways | 9.41 | 9.37 | 8.46 | -10% | -10% | 140% | 140%
2014-15,LT_Residential,265,HT IV: Public Water Works (PWW),,6.16,5.89,6.03,HT IV: Public Water Works (PWW) | 6.16 | 5.89 | 6.03 | -2% | 2% | 99% | 100%
2014-15,LT_Residential,265,HT V: Agriculture,,3.75,3.48,3.56,HT V: Agriculture | 3.75 | 3.48 | 3.56 | -5% | 2% | 56% | 59%
2014-15,LT_Residential,265,HT VI: Bulk Supply (Residential),,6.74,6.58,6.9,HT VI: Bulk Supply (Residential) | 6.74 | 6.58 | 6.90 | 2% | 5% | 98% | 114%
2014-15,LT_Residential,265,HT VIII (B): Temporary Supply Others (TSO),,19.35,17.91,16.39,HT VIII (B): Temporary Supply Others (TSO) | 19.35 | 17.91 | 16.39 | -15% | -8% | 272%
2014-15,LT_Residential,265,HT IX (A): Public Services - Government,,10.11,9.33,7.64,HT IX (A): Public Services - Government | 10.11 | 9.33 | 7.64 | -24% | -18% | 127%
2014-15,LT_Residential,266,HT IX (B): Public Services - Others,,,9.3,,HT IX (B): Public Services - Others | 9.30 | -8% | 0% | 161% | 154%
2014-15,LT_Residential,266,HT X: Ports,,12.22,11.47,11.32,HT X: Ports | 12.22 | 11.47 | 11.32 | -7% | -1% | 188%
2014-15,LT_Residential,266,HT X: Ports,Total HT Category,8.7,8.47,7.94,Total HT Category | 8.70 | 8.47 | 7.94 | -9% | -6% | 135% | 132%
2014-15,LT_Residential,266,LT I: LT – Residential,,,0.87,,LT I (A): LT - Residential (BPL) | Rs 10 per month | 0.87
2014-15,LT_Residential,266,LT I: LT – Residential,,,3.76,,1-100 units | Single Phase: Rs 50 per month | 3.76
2014-15,LT_Residential,267,Consumption Slab,,,7.21,,101 – 300 units | Three Phase: Rs 150 per month$$ | 7.21
2014-15,LT_Residential,267,Consumption Slab,,,9.95,,301 – 500 units | 9.95
2014-15,LT_Residential,267,Consumption Slab,,,11.31,,501-1000 units | 11.31
2014-15,LT_Residential,267,Consumption Slab,,,12.5,,Above 1000 Units (balance units) | 12.50
2014-15,LT_Residential,267,LT II: LT – Non-Residential,,,6.6,,0 – 500 units per month | Rs 220 per month | 6.60
2014-15,LT_Residential,267,LT II: LT – Non-Residential,,,9.62,,Above 500 units per month (only balance consumption) | Rs 220 per month | 9.62
2014-15,LT_Residential,267,LT II: LT – Non-Residential,,,10.2,,LT II (B): > 20 kW and < 50 kW | Rs 220 per kVA per month | 10.20
2014-15,LT_Residential,267,LT II: LT – Non-Residential,,,13.01,,LT II (C ): > 50 kW | Rs 220 per kVA per month | 13.01
2014-15,LT_Residential,267,Sewage Treatment Plants,,,2.7,,LT III (A): 0-20 kW | Rs 60 per kVA per month | 2.70
2014-15,LT_Residential,267,Sewage Treatment Plants,,,3.8,,LT III (B): > 20 kW and < 40 kW | Rs 70 per kVA per month | 3.80
2014-15,LT_Residential,267,Sewage Treatment Plants,,,5.0,,LT III (C ): > 40 kW | Rs 105 per kVA per month | 5.00
2014-15,LT_Residential,267,LT IV: LT – Agriculture,,,2.58,,LT IV (B): LT - Agriculture Metered - Pumpsets | Rs 27 per kW per month | 2.58
2014-15,LT_Residential,267,LT IV: LT – Agriculture,,,3.6,,LT IV (C ): LT - Agriculture Metered - Others | Rs 50 per kW per month | 3.60
2014-15,LT_Residential,267,LT V: LT – Industry,,,5.43,,LT V (A) (i): 0-20 kW (upto and including 27 HP) | Rs 220 per connection per month | 5.43
2014-15,LT_Residential,267,LT V: LT – Industry,,,6.88,,LT V (A) (ii): Above 20 kW (above 27 HP) | Rs 150 per kVA per month | 6.88
2014-15,LT_Residential,267,LT V: LT – Industry,,,5.51,,LT V (B) (i): 0-20 kW (upto and including 27 HP) | Rs 220 per connection per | 5.51
2014-15,LT_Commercial,268,Consumption Slab,,,6.98,,LT V (B) (ii): Above 20 kW (above 27 HP) | Rs 150 per kVA per month | 6.98
2014-15,LT_Commercial,268,LT VI: LT – Street Lights,,,4.78,,"(A) Gram Panchayat, A, B, & C Class Municipal Council | Rs 50 per kW per month | 4.78"
2014-15,LT_Commercial,268,LT VI: LT – Street Lights,,,5.8,,(B) Municipal Corporation Areas | Rs 50 per kW per month | 5.80
2014-15,LT_Commercial,268,LT VII: LT – Temporary Supply,,,3.71,,LT VII (A): Temporary Supply Religious - TSR | Rs 290 per connection per month | 3.71
2014-15,LT_Commercial,268,LT VII: LT – Temporary Supply,,,15.0,,LT VII (B): Temporary Supply Others - TSO | Rs 360 per connection per month | 15.00
2014-15,LT_Commercial,268,LT VIII: LT – Advertisements & Hoardings,LT VIII: LT – Advertisements & Hoardings,,17.0,,LT VIII: LT – Advertisements & Hoardings | 17.00
2014-15,LT_Commercial,268,LT IX: LT – Crematorium and Burial Grounds,LT IX: LT – Crematorium and Burial Grounds,,3.91,,LT IX: LT – Crematorium and Burial Grounds | 3.91
2014-15,LT_Commercial,268,LT X: LT – Public Services,,,4.54,,0 – 200 units per month | Rs 220 per connection per month | 4.54
2014-15,LT_Commercial,268,LT X: LT – Public Services,,,5.84,,Above 200 units per month (only balance consumption) | Rs 220 per connection per month | 5.84
2014-15,LT_Commercial,268,LT X: LT – Public Services,,,6.5,,LT X (A) (ii): > 20 kW and < 50 kW | Rs. 220 per kVA per month | 6.50
2014-15,LT_Commercial,268,LT X: LT – Public Services,,,7.2,,LT X (A) (iii): > 50 kW | Rs. 220 per kVA per month | 7.20
2014-15,LT_Commercial,268,LT X: LT – Public Services,,,4.92,,0 – 200 units per month | Rs 220 per connection per month | 4.92
2014-15,LT_Commercial,268,LT X: LT – Public Services,,,7.22,,Above 200 units per month (only balance consumption) | Rs 220 per connection per month | 7.22
2014-15,LT_Commercial,268,LT X: LT – Public Services,,,7.32,,LT X (B) (ii) > 20 kW and < 50 kW | Rs. 220 per kVA per month | 7.32
2014-15,LT_Commercial,268,LT X: LT – Public Services,,,7.68,,LT X (B) (iii) > 50 kW | Rs. 220 per kVA per month | 7.68
2014-15,LT_Commercial,268,LT X: LT – Public Services,,,-1.5,,2200 Hrs – 0600 Hrs | -1.50
2014-15,LT_Commercial,268,LT X: LT – Public Services,,,0.0,,0600 Hrs – 0900 Hrs & 1200 Hrs – 1800 Hrs | 0.00
2014-15,LT_Commercial,269,Consumption Slab,,,0.8,,0900 Hrs – 1200 Hrs | 0.80
2014-15,LT_Commercial,269,Consumption Slab,,,1.1,,1800 Hrs – 2200 Hrs | 1.10
2014-15,LT_Commercial,269,Consumption Slab,,,6.71,,HT I (B): Non-Express Feeders | Rs 220 per kVA per month | 6.71
2014-15,LT_Commercial,269,Consumption Slab,,,7.8,,HT I (C ): Seasonal Industry | Rs 220 per kVA per month | 7.80
2014-15,LT_Residential,270,Consumption Slab,,,11.15,,HT II (A): Express Feeders | Rs 220 per kVA per month | 11.15
2014-15,LT_Residential,270,Consumption Slab,,,10.62,,HT II (B): Non-express Feeders | Rs 220 per kVA per month | 10.62
2014-15,LT_Residential,270,Consumption Slab,,,8.46,,HT III: HT – Railways | 8.46
2014-15,LT_Residential,270,Consumption Slab,,,5.64,,HT IV (A): Express Feeders | Rs 220 per kVA per month | 5.64
2014-15,LT_Residential,270,Consumption Slab,,,5.42,,HT IV (B): Non-express Feeders | Rs 220 per kVA per month | 5.42
2014-15,LT_Residential,270,Consumption Slab,,,3.32,,HT V: HT – Agriculture | Rs 30 per kVA per month | 3.32
2014-15,LT_Residential,270,Consumption Slab,,,5.81,,HT VI: HT – Bulk Supply (Residential) | Rs 220 per kVA per month | 5.81
2014-15,LT_Residential,270,Consumption Slab,,,3.71,,HT VIII (A): HT – Temporary Supply Religious (TSR) | Rs 290 per connection per month | 3.71
2014-15,LT_Residential,270,Consumption Slab,,,7.2,,HT IX (A) (i): Express Feeders | Rs 220 per kVA per month | 7.20
2014-15,LT_Residential,270,Consumption Slab,,,6.6,,HT IX (A) (ii): Non-Express Feeders | Rs 220 per kVA per month | 6.60
2014-15,LT_Residential,270,Consumption Slab,,,8.89,,HT IX (B) (i) Express Feeders | Rs 220 per kVA per month | 8.89
2014-15,LT_Residential,270,Consumption Slab,,,8.41,,HT IX (B) (ii) Non-express Feeders | Rs 220 per kVA per month | 8.41
2014-15,LT_Residential,270,Consumption Slab,,,10.91,,HT X: HT – Ports | Rs 220 per kVA per month | 10.91
2014-15,LT_Residential,270,HT XI: HT – Metro/Monorail,HT XI: HT – Metro/Monorail,,8.46,,HT XI: HT – Metro/Monorail | Rs 220 per kVA per month | 8.46
2014-15,LT_Residential,270,2200 Hrs – 0600 Hrs,2200 Hrs – 0600 Hrs,,-1.5,,2200 Hrs – 0600 Hrs | -1.50
2014-15,LT_Residential,270,2200 Hrs – 0600 Hrs,,,0.0,,0600 Hrs – 0900 Hrs & 1200 Hrs – 1800 Hrs | 0.00
2014-15,LT_Residential,270,2200 Hrs – 0600 Hrs,,,0.8,,0900 Hrs – 1200 Hrs | 0.80
2014-15,LT_Residential,270,2200 Hrs – 0600 Hrs,,,1.1,,1800 Hrs – 2200 Hrs | 1.10
2014-15,General,272,33 kV,,,0.11,,33 kV | 0.11 | 6.00%
2014-15,General,272,22 kV / 11 kV,,,0.6,,22 kV / 11 kV | 0.60 | 9.00%
2014-15,General,272,LT Level,,,1.03,,LT Level | 1.03 | 12.50%
2014-15,General,273,33 kV,,,9791.0,,"33 kV | 14% | 11.23% | 9,791"
2014-15,General,273,22 kV / 11 kV,,,29365.0,,"22 kV / 11 kV | 56% | 33.68% | 29,365"
2014-15,General,273,LT Level,,,48032.0,,"LT Level | 30% | 55.09% | 48,032"
2014-15,General,273,33 kV,,0.23,0.22,,33 kV | 0.23 | 6.00% | 0.22 | 6.00%
2014-15,General,274,22 kV / 11 kV,,1.27,1.23,1.23,22 kV / 11 kV | 1.27 | 9.00% | 1.23 | 9.00%
2014-15,General,274,LT Level,,2.17,2.11,2.11,LT Level | 2.17 | 12.25% | 2.11 | 12.00%
2014-15,General,274,1,,,670.0,,1 | Power Purchase Expenses (including Inter-State Transmission Charges) | 670
2014-15,General,274,2,,4988.0,4627.0,,"2 | Operation & Maintenance Expenses | 4,988 | 4,627"
2014-15,General,274,3,,2060.0,1920.0,,"3 | Depreciation Expenses | 2,060 | 1,920"
2014-15,General,274,4,,1351.0,1512.0,,"4 | Interest on Long-term Loan Capital | 1,351 | 1,512"
2014-15,General,274,5,,306.0,268.0,,5 | Interest on Working Capital and on consumer security deposits | 306 | 268
2014-15,General,274,6,,35.0,35.0,,6 | Other Finance Charges | 35 | 35
2014-15,General,274,8,,10.0,0.04,,8 | Income Tax | 10 | 0.04
2014-15,General,274,9,,94.0,91.0,,9 | Contribution to Contingency Reserves | 94 | 91
2014-15,General,274,10,,9550.0,8475.0,,"10 | Total Revenue Expenditure | 9,550 | 8,475"
2014-15,General,274,11,,1587.0,1359.0,,"11 | Return on Equity Capital | 1,587 | 1,359"
2014-15,General,274,12,,11137.0,9835.0,,"12 | Aggregate Revenue Requirement | 11,137 | 9,835"
2014-15,General,274,13,,21.0,21.0,,13 | Less: Income from Wheeling Charges | 21 | 21
2014-15,General,275,14,,445.0,311.0,,14 | Less: Income from Open Access Charges | 445 | 311
2014-15,General,275,15,,10671.0,9502.0,,"15 | Aggregate Revenue Requirement for Wires Business | 10,671 | 9,502"
2014-15,General,275,33 kV,,1330.0,10356.0,149.0,"33 kV | 1,330 | 10,356 | 11.23% | 149 | 149"
2014-15,General,275,22 kV / 11 kV,,5321.0,31059.0,448.0,"22 kV / 11 kV | 5,321 | 31,059 | 33.68% | 37.94% | 448 | 2,019 | 2,467"
2014-15,General,275,LT Level,,2851.0,50802.0,733.0,"LT Level | 2,851 | 50,802 | 55.09% | 62.06% | 733 | 3,302 | 2,851 | 6,886"
2014-15,General,275,Total,,9502.0,92216.0,1330.0,"Total | 9,502 | 92,216 | 100.00% | 100.00% | 1,330 | 5,321 | 2,815 | 9,502"
2014-15,General,275,33 kV,,149.0,1729.0,72.0,"33 kV | 6.00% | 149 | 1,729 | 72 | 0.15"
2014-15,General,275,22 kV / 11 kV,,2467.0,5189.0,396.0,"22 kV / 11 kV | 9.00% | 2,467 | 5,189 | 396 | 0.83"
2014-15,General,275,LT Level,,6886.0,8486.0,676.0,"LT Level | 12.00% | 6,886 | 8,486 | 676 | 1.42"
2014-15,General,275,Total,,9502.0,15404.0,514.0,"Total | 9,502 | 15,404 | 514 | 1.08"
2014-15,LT_Residential,276,33 kV,,0.22,0.15,,33 kV | 0.22 | 6.00% | 0.15 | 6.00%
2014-15,LT_Residential,276,22 kV / 11 kV,,1.23,0.83,,22 kV / 11 kV | 1.23 | 9.00% | 0.83 | 9.00%
2014-15,LT_Residential,276,LT Level,,2.11,1.42,,LT Level | 2.11 | 12.00% | 1.42 | 12.00%
2014-15,General,280,VSTP V,,557.0,4.98,,VSTP V | 557 | 4.98
2014-15,General,280,Parli Unit No. 8,,451.0,4.16,,Parli Unit No. 8 | 451 | 4.16
2014-15,General,280,Khaperkheda Unit No. 5,,3072.0,4.12,,"Khaperkheda Unit No. 5 | 3,072 | 4.12"
2014-15,General,281,Paras Unit No. 3 and Unit No. 4,,3125.0,3.65,,"Paras Unit No. 3 and Unit No. 4 | 3,125 | 3.65"
2014-15,General,281,Adani power 1200,,8220.0,3.56,,"Adani power 1200 | 8,220 | 3.56"
2014-15,General,281,India Bulls Power,,5319.0,3.56,,"India Bulls Power | 5,319 | 3.56"
2014-15,General,281,SIPAT TPS 2,,2068.0,3.46,,"SIPAT TPS 2 | 2,068 | 3.46"
2014-15,General,281,VSTP III,,2123.0,3.34,,"VSTP III | 2,123 | 3.34"
2014-15,General,281,Chandrapur,,11562.0,3.21,,"Chandrapur | 11,562 | 3.21"
2014-15,General,281,SIPAT TPS 1,,4363.0,3.2,,"SIPAT TPS 1 | 4,363 | 3.20"
2014-15,General,281,TAPP 3&4,,3300.0,3.14,,"TAPP 3&4 | 3,300 | 3.14"
2014-15,General,281,IPP - JSW,,1913.0,3.11,,"IPP - JSW | 1,913 | 3.11"
2014-15,General,281,Khaperkheda,,5330.0,3.09,,"Khaperkheda | 5,330 | 3.09"
2014-15,General,281,KSTPS III,,936.0,2.98,,KSTPS III | 936 | 2.98
2014-15,General,281,VSTP II,,2548.0,2.97,,"VSTP II | 2,548 | 2.97"
2014-15,General,281,VSTP I,,3268.0,2.95,,"VSTP I | 3,268 | 2.95"
2014-15,General,281,EMCO Power,,1370.0,2.83,,"EMCO Power | 1,370 | 2.83"
2014-15,General,281,Koradi Unit No. 8,,2962.0,2.75,,"Koradi Unit No. 8 | 2,962 | 2.75"
2014-15,General,281,Koradi Unit No. 10,,1481.0,2.75,,"Koradi Unit No. 10 | 1,481 | 2.75"
2014-15,General,281,Koradi Unit No. 9,,1781.0,2.75,,"Koradi Unit No. 9 | 1,781 | 2.75"
2014-15,General,281,Chandrapur Unit No. 9,,1562.0,2.7,,"Chandrapur Unit No. 9 | 1,562 | 2.70"
2014-15,General,281,Chandrapur Unit No. 8,,2170.0,2.7,,"Chandrapur Unit No. 8 | 2,170 | 2.70"
2014-15,General,281,Adani Power (1320),,8511.0,2.66,,"Adani Power (1320) | 8,511 | 2.66"
2014-15,General,281,KAPP,,1050.0,2.58,,"KAPP | 1,050 | 2.58"
2014-15,General,281,CPP,,1977.0,2.51,,"CPP | 1,977 | 2.51"
2014-15,General,281,Dodson I,,56.0,2.49,,Dodson I | 56 | 2.49
2014-15,General,281,Mundra UMPP,,5158.0,2.46,,"Mundra UMPP | 5,158 | 2.46"
2014-15,General,281,VSTP IV,,2292.0,2.36,,"VSTP IV | 2,292 | 2.36"
2014-15,General,281,Dodson II,,64.0,2.29,,Dodson II | 64 | 2.29
2014-15,General,281,Pench,,130.0,2.21,,Pench | 130 | 2.21
2014-15,General,281,SSP,,1200.0,2.21,,"SSP | 1,200 | 2.21"
2014-15,General,281,KSTPS,,4661.0,1.76,,"KSTPS | 4,661 | 1.76"
2014-15,General,281,MSGCL Hydro,,4612.0,1.55,,"MSGCL Hydro | 4,612 | 1.55"
2014-15,General,281,TAPP 1&2,,1200.0,1.1,,"TAPP 1&2 | 1,200 | 1.10"
2014-15,General,281,Total PP Excluding NCE,,,100.391,,"Total PP Excluding NCE | 1,00.391"
2014-15,General,282,Paras Unit No. 3 and Unit No. 4,,939.0,3.65,,Paras Unit No. 3 and Unit No. 4 | 939 | 3.65
2014-15,General,282,Computation of ‘C’ for top 5% Power,,5031.0,4.13,,"Computation of ‘C’ for top 5% Power | 5,031 | 4.13"
2014-15,LT_Commercial,290,HT I (A): HT - Industry (Express Feeder),,8.02,6.03,1.99,HT I (A): HT - Industry (Express Feeder) | 8.02 | 6.03 | 1.99 | 1.49
2014-15,LT_Commercial,290,HT I (A): HT - Industry (Express Feeder),,7.48,6.03,1.45,HT I (B): HT - Industry (Non-Express Feeder) | 7.48 | 6.03 | 1.45 | 1.09
2014-15,LT_Commercial,290,HT I (C ): HT - Seasonal Industry,,10.26,6.03,4.23,HT I (C ): HT - Seasonal Industry | 10.26 | 6.03 | 4.23 | 3.17
2014-15,LT_Commercial,290,HT II (A): Express Feeder,,12.78,6.03,6.75,HT II (A): Express Feeder | 12.78 | 6.03 | 6.75 | 5.07
2014-15,LT_Commercial,290,HT II (B): Non-Express Feeder,,11.77,6.03,5.74,HT II (B): Non-Express Feeder | 11.77 | 6.03 | 5.74 | 4.31
2014-15,LT_Commercial,290,HT III: HT - Railways,,8.46,6.03,2.43,HT III: HT - Railways | 8.46 | 6.03 | 2.43 | 1.83
2014-15,LT_Commercial,293,Unknown,1,,0.95,,1 | 0.951 to 0.954 | 0.95 | 0%
2014-15,LT_Commercial,293,Unknown,2,,0.96,,2 | 0.955 to 0.964 | 0.96 | 1%
2014-15,LT_Commercial,293,Unknown,3,,0.97,,3 | 0.965 to 0.974 | 0.97 | 2%
2014-15,LT_Commercial,293,Unknown,4,,0.98,,4 | 0.975 to 0.984 | 0.98 | 3%
2014-15,LT_Commercial,293,Unknown,5,,0.99,,5 | 0.985 to 0.994 | 0.99 | 5%
2014-15,LT_Commercial,293,Unknown,6,,1.0,,6 | 0.995 to 1.000 | 1.00 | 7%
2014-15,LT_Commercial,293,1,,,0.9,,1 | 0.895 to 0.900 | 0.90 | 0%
2014-15,LT_Commercial,293,2,,,0.89,,2 | 0.885 to 0.894 | 0.89 | 2%
2014-15,LT_Commercial,293,3,,,0.88,,3 | 0.875 to 0.884 | 0.88 | 3%
2014-15,LT_Commercial,293,4,,,0.87,,4 | 0.865 to 0.874 | 0.87 | 4%
2014-15,LT_Commercial,293,5,,,0.86,,5 | 0.855 to 0.864 | 0.86 | 5%
2014-15,LT_Commercial,293,6,,,0.85,,6 | 0.845 to 0.854 | 0.85 | 6%
2014-15,LT_Commercial,293,7,,,0.84,,7 | 0.835 to 0.844 | 0.84 | 7%
2014-15,LT_Commercial,293,8,,,0.83,,8 | 0.825 to 0.834 | 0.83 | 8%
2014-15,HT_Commercial,294,9,,,0.82,,9 | 0.815 to 0.824 | 0.82 | 9%
2014-15,HT_Commercial,294,10,,,0.81,,10 | 0.805 to 0.814 | 0.81 | 10%
2014-15,General,306,Revenue Gap for FY 2014-15,,,3442.0,,"Revenue Gap for FY 2014-15 | 3,442 | (269)"
2014-15,General,306,Balance Gap in Final True Up for FY 2011-12 and FY 2012-13,,1639.0,1639.0,,"Balance Gap in Final True Up for FY 2011-12 and FY 2012-13 | 1,639 | 1,639"
2014-15,General,306,Impact of ATE Judgment on Capex Related Expenses,,54.0,54.0,,Impact of ATE Judgment on Capex Related Expenses | 54 | 54
2014-15,LT_Industry,307,Refund as per MERC Order (Case No. 105 of 2013),,83.0,83.0,,Refund as per MERC Order (Case No. 105 of 2013) | 83 | 83
2014-15,LT_Industry,307,Income Tax Disallowed in Case No. 38 of 2014,,77.0,77.0,,Income Tax Disallowed in Case No. 38 of 2014 | 77 | 77
2014-15,LT_Industry,307,Carrying cost on deferred recoveries,,,4.0,,Carrying cost on deferred recoveries | 4
2014-15,LT_Industry,307,Total Revenue Gap of MSEDCL,,,4717.0,,"Total Revenue Gap of MSEDCL | 4,717 | (3,376)"
2014-15,LT_Commercial,314,Unknown,,220.0,,,"2,049 | 220 | 721 | 13,167 | 54,47,168 | 1,352 | 9,489 | 10,840 | 8.23"
2014-15,LT_Commercial,314,Unknown,2200 Hrs-0600 Hrs,,8700.0,,"2200 Hrs-0600 Hrs | (150) | 8,700 | (1,305) | (1,305)"
2014-15,LT_Commercial,314,Unknown,0600 Hrs-0900 Hrs & 1200 Hrs-1800 Hrs,,10018.0,,"0600 Hrs-0900 Hrs & 1200 Hrs-1800 Hrs | 10,018"
2014-15,LT_Commercial,314,Unknown,0900 Hrs-1200 Hrs,80.0,3427.0,274.0,"0900 Hrs-1200 Hrs | 80 | 3,427 | 274 | 274"
2014-15,LT_Commercial,314,Unknown,1800 Hrs-2200 Hrs,110.0,4218.0,464.0,"1800 Hrs-2200 Hrs | 110 | 4,218 | 464 | 464"
2014-15,LT_Commercial,314,Unknown,Total HT I: HT – Industry,13126.0,26362.0,10807589.0,"Total HT I: HT – Industry | 13,126 | 26,362 | 108,07,589 | 2,682 | 17,788 | 20,470 | 7.76"
2014-15,LT_Commercial,314,Unknown,2200 Hrs-0600 Hrs,,662.0,,2200 Hrs-0600 Hrs | (150) | 662 | (99) | (99)
2014-15,LT_Commercial,314,Unknown,0600 Hrs-0900 Hrs & 1200 Hrs-1800 Hrs,,904.0,,0600 Hrs-0900 Hrs & 1200 Hrs-1800 Hrs | 904
2014-15,LT_Commercial,314,Unknown,0900 Hrs-1200 Hrs,80.0,287.0,23.0,0900 Hrs-1200 Hrs | 80 | 287 | 23 | 23
2014-15,LT_Residential,315,Unknown,1800 Hrs-2200 Hrs,110.0,353.0,39.0,1800 Hrs-2200 Hrs | 110 | 353 | 39 | 39
2014-15,LT_Residential,315,Unknown,Total HT II: HT - Commercial,3028.0,2206.0,1563476.0,"Total HT II: HT - Commercial | 3,028 | 2,206 | 15,63,476 | 330 | 2,349 | 2,679 | 12.14"
2014-15,LT_Residential,315,Unknown,HT III: HT – Railways,42.0,846.0,1505.0,"HT III: HT – Railways | 42 | 846 | 1,505 | 3,79,500 | 1,274 | 1,274 | 8.46"
2014-15,LT_Residential,315,Unknown,2200 Hrs-0600 Hrs,,460.0,,2200 Hrs-0600 Hrs | (150) | 460 | (69) | (69)
2014-15,LT_Residential,315,Unknown,0600 Hrs-0900 Hrs & 1200 Hrs-1800 Hrs,,529.0,,0600 Hrs-0900 Hrs & 1200 Hrs-1800 Hrs | 529
2014-15,LT_Residential,315,Unknown,0900 Hrs-1200 Hrs,80.0,181.0,14.0,0900 Hrs-1200 Hrs | 80 | 181 | 14 | 14
2014-15,LT_Residential,315,Unknown,1800 Hrs-2200 Hrs,110.0,223.0,25.0,1800 Hrs-2200 Hrs | 110 | 223 | 25 | 25
2014-15,LT_Residential,315,Unknown,,925.0,1393.0,353388.0,"925 | 1,393 | 3,53,388 | 90 | 750 | 840 | 6.03"
2014-15,LT_Residential,315,Unknown,HT V: HT – Agriculture,30.0,,,"HT V: HT – Agriculture | 1,307 | 30 | 332 | 871 | 5,77,905 | 21 | 290 | 310 | 3.56"
2014-15,LT_Residential,315,Unknown,,290.0,,,"12 | 290 | 1,250 | 4 | 4,968 | 2 | 6 | 7 | 16.39"
2014-15,LT_Residential,315,Unknown,HT IX (A): HT - Public Services - Government,57.0,44.0,18855.0,"HT IX (A): HT - Public Services - Government | 57 | 44 | 18,855 | 4 | 31 | 35 | 7.81"
2014-15,LT_Residential,315,Unknown,HT IX (B): HT - Public Services - Others,1089.0,840.0,358245.0,"HT IX (B): HT - Public Services - Others | 1,089 | 840 | 3,58,245 | 76 | 727 | 803 | 9.56"
2014-15,LT_Residential,316,Unknown,2200 Hrs-0600 Hrs,,265.0,,2200 Hrs-0600 Hrs | (150) | 265 | (40) | (40)
2014-15,LT_Residential,316,Unknown,0600 Hrs-0900 Hrs & 1200 Hrs-1800 Hrs,,362.0,,0600 Hrs-0900 Hrs & 1200 Hrs-1800 Hrs | 362
2014-15,LT_Residential,316,Unknown,0900 Hrs-1200 Hrs,80.0,115.0,9.0,0900 Hrs-1200 Hrs | 80 | 115 | 9 | 9
2014-15,LT_Residential,316,Unknown,1800 Hrs-2200 Hrs,110.0,141.0,16.0,1800 Hrs-2200 Hrs | 110 | 141 | 16 | 16
2014-15,LT_Residential,316,Unknown,Total HT IX: HT - Public Services,1146.0,884.0,377100.0,"Total HT IX: HT - Public Services | 1,146 | 884 | 3,77,100 | 80 | 743 | 823 | 9.30"
2014-15,LT_Residential,316,Unknown,HT – MSPGCL Auxiliary Supply,14.0,56.0,28580.0,"HT – MSPGCL Auxiliary Supply | 14 | 56 | 28,580"
2014-15,LT_Residential,316,Unknown,Total HT Category,19938.0,33585.0,3232.0,"Total HT Category | 19,938 | 33,585 | 3,232 | 23,419 | 26,651 | 7.94"
2014-15,LT_Residential,316,LT I: LT - Residential,BPL (0-30 Units),10.0,,,"BPL (0-30 Units) | 4,91,394 | 10 | 87 | 113 | 56,531 | 6 | 10 | 16 | 1.42"
2014-15,LT_Residential,316,LT I: LT - Residential,Consumption > 30 Units per month,16975272.0,18019.0,16284482.0,"Consumption > 30 Units per month | 169,75,272 | 18,019 | 162,84,482"
2014-15,LT_Residential,316,LT I: LT - Residential,1-100 Units,50.0,,,"1-100 Units | 113,58,624 | 50 | 376 | 11,888 | 108,96,397 | 682 | 4,471 | 5,152 | 4.33"
2014-15,LT_Residential,316,LT I: LT - Residential,Three Phase Connection,150.0,,,"Three Phase Connection | 90,632 | 150 | 86,944 | 16 | 16"
2014-15,LT_Residential,316,LT I: LT - Residential,Total LT I: LT - Residential,17466666.0,18132.0,16341013.0,"Total LT I: LT - Residential | 174,66,666 | 18,132 | 163,41,013 | 1,035 | 9,507 | 10,543 | 5.81"
2014-15,LT_Residential,317,Unknown,2200 Hrs-0600 Hrs,,294.0,,2200 Hrs-0600 Hrs | (150) | 294 | (44) | (44)
2014-15,LT_Residential,317,Unknown,0600 Hrs-0900 Hrs & 1200 Hrs-1800 Hrs,,401.0,,0600 Hrs-0900 Hrs & 1200 Hrs-1800 Hrs | 401
2014-15,LT_Residential,317,Unknown,0900 Hrs-1200 Hrs,80.0,127.0,10.0,0900 Hrs-1200 Hrs | 80 | 127 | 10 | 10
2014-15,LT_Residential,317,Unknown,1800 Hrs-2200 Hrs,110.0,157.0,17.0,1800 Hrs-2200 Hrs | 110 | 157 | 17 | 17
2014-15,LT_Residential,317,Unknown,Total LT II: LT - Non-Residential,1545560.0,4011.0,615.0,"Total LT II: LT - Non-Residential | 15,45,560 | 4,011 | 615 | 3,529 | 4,144 | 10.33"
2014-15,LT_Residential,317,Unknown,LT III (A): 0-20 kW,60.0,,,"LT III (A): 0-20 kW | 45,332 | 60 | 270 | 542 | 2,50,157 | 18 | 147 | 165 | 3.04"
2014-15,LT_Residential,317,Unknown,LT III (B): > 20 kW and ≤ 40 kW,70.0,,,"LT III (B): > 20 kW and ≤ 40 kW | 759 | 70 | 380 | 67 | 29,076 | 2 | 26 | 28 | 4.16"
2014-15,LT_Residential,317,Unknown,LT III (C ): >40 kW,105.0,,,"LT III (C ): >40 kW | 208 | 105 | 500 | 51 | 15,361 | 2 | 26 | 28 | 5.37"
2014-15,LT_Residential,317,Unknown,,46299.0,661.0,22.0,46299 | 661 | 22 | 198 | 220 | 3.33
2014-15,LT_Residential,317,Unknown,,1391662.0,8982.0,7590016.0,"13,91,662 | 8,982 | 75,90,016 | 3,174 | 3,174 | 3.53"
2014-15,LT_Residential,317,Unknown,Zones with (Above 1318 Hrs/HP/Annum),5130.0,4705810.0,,"Zones with (Above 1318 Hrs/HP/Annum) | 5,130 | 47,05,810"
2014-15,LT_Residential,317,Unknown,0-5 HP,374.0,,,"0-5 HP | 374 | 3,591 | 32,94,067 | 1,479 | 1,479"
2014-15,LT_Agriculture,318,Unknown,Above 5 HP,406.0,,,"Above 5 HP | 406 | 1,539 | 14,11,743 | 688 | 688"
2014-15,LT_Agriculture,318,Unknown,Zones with (Below 1318 Hrs/HP/Annum),3852.0,2884206.0,,"Zones with (Below 1318 Hrs/HP/Annum) | 3,852 | 28,84,206"
2014-15,LT_Agriculture,318,Unknown,0-5 HP,283.0,,,"0-5 HP | 283 | 2,696 | 20,18,944 | 686 | 686"
2014-15,LT_Agriculture,318,Unknown,Above 5 HP,310.0,,,"Above 5 HP | 310 | 1,156 | 8,65,262 | 321 | 321"
2014-15,LT_Agriculture,318,Unknown,LT IV (B): LT – Agriculture Metered – Pumpsets,20.0,,,"LT IV (B): LT – Agriculture Metered – Pumpsets | 24,27,995 | 20 | 258 | 13,352 | 126,65,295 | 304 | 3,449 | 3,753 | 2.81"
2014-15,LT_Agriculture,318,Unknown,LT IV (C): LT - Agriculture Metered – Others,50.0,,,"LT IV (C): LT - Agriculture Metered – Others | 19,745 | 50 | 360 | 109 | 1,03,841 | 6 | 39 | 46 | 4.17"
2014-15,LT_Agriculture,318,Unknown,Total LT IV: LT - Agriculture,3839402.0,22444.0,3484.0,"Total LT IV: LT - Agriculture | 38,39,402 | 22,444 | 3,484 | 3,488 | 6,973 | 3.11"
2014-15,LT_Agriculture,318,Unknown,LT V(A): LT Industry - Power Looms,32113.0,1640.0,633403.0,"LT V(A): LT Industry - Power Looms | 32,113 | 1,640 | 6,33,403 | 37 | 1,008 | 1,045 | 6.37"
2014-15,LT_Agriculture,318,Unknown,LT V (A) (iI): Above 20 KW,150.0,,,"LT V (A) (iI): Above 20 KW | 3,720 | 150 | 688 | 812 | 2,68,724 | 29 | 559 | 588 | 7.23"
2014-15,LT_Agriculture,318,Unknown,LT V(B): LT Industry - General,294526.0,4646.0,6251245.0,"LT V(B): LT Industry - General | 2,94,526 | 4,646 | 62,51,245 | 446 | 2,956 | 3,402 | 7.32"
2014-15,LT_Agriculture,318,Unknown,22oo Hrs-0600 Hrs,,632.0,,22oo Hrs-0600 Hrs | (150) | 632 | (95) | (95)
2014-15,LT_Agriculture,318,Unknown,0600 Hrs-0900 Hrs & 1200 Hrs-1800 Hrs,,1616.0,,"0600 Hrs-0900 Hrs & 1200 Hrs-1800 Hrs | 1,616"
2014-15,LT_Agriculture,318,Unknown,0900 Hrs-1200 Hrs,80.0,527.0,42.0,0900 Hrs-1200 Hrs | 80 | 527 | 42 | 42
2014-15,LT_Agriculture,318,Unknown,1800 Hrs-2200 Hrs,110.0,738.0,81.0,1800 Hrs-2200 Hrs | 110 | 738 | 81 | 81
2014-15,LT_Agriculture,318,Unknown,Total LT V: LT - Industry,326639.0,6286.0,482.0,"Total LT V: LT - Industry | 3,26,639 | 6,286 | 482 | 3,992 | 4,475 | 7.12"
2014-15,LT_Industry,319,Unknown,Total LT VI: LT - Street Lights,82779.0,1632.0,21.0,"Total LT VI: LT - Street Lights | 82,779 | 1,632 | 21 | 823 | 843 | 5.17"
2014-15,LT_Industry,319,Unknown,LT VII (B): Temporary Supply Other (TSO),360.0,,,"LT VII (B): Temporary Supply Other (TSO) | 2,368 | 360 | 1,500 | 16 | 13,887 | 1 | 23 | 24 | 15.66"
2014-15,LT_Industry,319,Unknown,Total LT VII: LT - Temporary Supply,2844.0,18.0,15939.0,"Total LT VII: LT - Temporary Supply | 2,844 | 18 | 15,939 | 1 | 24 | 25 | 14.36"
2014-15,LT_Industry,319,Unknown,LT VIII: LT - Advertisements and Hoardings,575.0,,,"LT VIII: LT - Advertisements and Hoardings | 1,909 | 575 | 1,700 | 3 | 5,217 | 1 | 5 | 6 | 21.40"
2014-15,LT_Industry,319,Unknown,LT X(A): LT Public Services - Government,4397.0,18.0,9646.0,"LT X(A): LT Public Services - Government | 4,397 | 18 | 9,646 | 2 | 10 | 13 | 7.03"
2014-15,LT_Industry,319,Unknown,LT X (A) (i) <20 kW,4321.0,12.0,6021.0,"LT X (A) (i) <20 kW | 4,321 | 12 | 6,021 | 1 | 6 | 7 | 6.31"
2014-15,LT_Industry,319,Unknown,LT X(B): LT - Public Services – Others,39572.0,161.0,86813.0,"LT X(B): LT - Public Services – Others | 39,572 | 161 | 86,813 | 19 | 109 | 127 | 7.90"
2014-15,LT_Industry,319,Unknown,LT X (B) (i) <20 kW,38889.0,105.0,54192.0,"LT X (B) (i) <20 kW | 38,889 | 105 | 54,192 | 10 | 67 | 77 | 7.30"
2014-15,LT_PublicServices,320,Unknown,2200 Hrs-0600 Hrs,,19.0,,2200 Hrs-0600 Hrs | (150) | 19 | (3) | (3)
2014-15,LT_PublicServices,320,Unknown,0600 Hrs-0900 Hrs & 1200 Hrs-1800 Hrs,,25.0,,0600 Hrs-0900 Hrs & 1200 Hrs-1800 Hrs | 25
2014-15,LT_PublicServices,320,Unknown,0900 Hrs-1200 Hrs,80.0,8.0,1.0,0900 Hrs-1200 Hrs | 80 | 8 | 1 | 1
2014-15,LT_PublicServices,320,Unknown,1800 Hrs-2200 Hrs,110.0,10.0,1.0,1800 Hrs-2200 Hrs | 110 | 10 | 1 | 1
2014-15,LT_PublicServices,320,Unknown,Total LT X: LT- Public Services,43969.0,179.0,21.0,"Total LT X: LT- Public Services | 43,969 | 179 | 21 | 118 | 139 | 7.76"
2014-15,LT_PublicServices,320,Unknown,Total LT Category,23370648.0,53381.0,5684.0,"Total LT Category | 233,70,648 | 53,381 | 5,684 | 21,685 | 27,369 | 5.13"
2014-15,LT_PublicServices,320,Unknown,Bhiwandi,362.0,3837.0,1390.0,"Bhiwandi | 362 | 3,837 | 1,390 | 1,390 | 3.62"
2014-15,LT_PublicServices,320,Unknown,Nagpur,505.0,1566.0,791.0,"Nagpur | 505 | 1,566 | 791 | 791 | 5.05"
2014-15,LT_PublicServices,320,Unknown,Jalgaon,563.0,891.0,501.0,Jalgaon | 563 | 891 | 501 | 501 | 5.63
2014-15,LT_PublicServices,320,Unknown,Stand By Charges,,420.0,,Stand By Charges | 420
2014-15,LT_PublicServices,320,Unknown,MSEDCL Total Revenue,23390586.0,93261.0,8916.0,"MSEDCL Total Revenue | 233,90,586 | 93,261 | 8,916 | 47,787 | 55,602 | 5.96**"
2014-15,LT_Residential,322,LT 1(A): LT – Residential - BPL Category (0-30 units),,10.0,0.87,,LT 1(A): LT – Residential - BPL Category (0-30 units) | 10.00 | 0.87
2014-15,LT_Residential,324,Unknown,1-100 units,,3.76,,1-100 units | Single Phase: Rs. 50 Three Phase: Rs.150 $$ | 3.76
2014-15,LT_Residential,324,Unknown,101 – 300 units,,7.21,,101 – 300 units | 7.21
2014-15,LT_Residential,324,Unknown,301 – 500 units,,9.95,,301 – 500 units | 9.95
2014-15,LT_Residential,324,Unknown,501-1000 units,,11.31,,501-1000 units | 11.31
2014-15,LT_Residential,324,Above 1000 units,,,12.5,,Above 1000 units | 12.50
2014-15,LT_Residential,326,(i) 0 to 200 units per month,,220.0,6.6,,(i) 0 to 200 units per month | 220.00 | 6.60
2014-15,LT_Residential,326,(ii) Above 200 units per month (only balance consumption),,220.0,9.62,,(ii) Above 200 units per month (only balance consumption) | 220.00 | 9.62
2014-15,LT_Residential,326,(B) > 20 kW and ≤ 50 kW,,220.0,10.2,,(B) > 20 kW and ≤ 50 kW | 220.00 | 10.20
2014-15,LT_Residential,326,(C) > 50 kW,,220.0,13.01,,(C) > 50 kW | 220.00 | 13.01
2014-15,LT_Residential,327,(A) 0 - 20 kW,,60.0,2.7,,(A) 0 - 20 kW | 60.00 | 2.70
2014-15,LT_Residential,327,(B) > 20 kW and ≤ 40 kW,,70.0,3.8,,(B) > 20 kW and ≤ 40 kW | 70.00 | 3.80
2014-15,LT_Residential,327,(C) > 40 kW,,105.0,5.0,,(C) > 40 kW | 105.00 | 5.00
2014-15,LT_Agriculture,328,(a) 0-5 HP,,,374.0,,(a) 0-5 HP | 374
2014-15,LT_Agriculture,328,(b) Above 5 HP,,,406.0,,(b) Above 5 HP | 406
2014-15,LT_Agriculture,328,(a) 0-5 HP,,,283.0,,(a) 0-5 HP | 283
2014-15,LT_Agriculture,328,(b) Above 5 HP,,,310.0,,(b) Above 5 HP | 310
2014-15,LT_Agriculture,329,Unknown,,20.0,2.58,,LT IV (B): LT – Agriculture Metered - Pumpsets | 20.00 | 2.58
2014-15,LT_Agriculture,330,Unknown,,50.0,3.6,,LT IV (C): LT – Agriculture Metered – Others | 50.00 | 3.60
2014-15,LT_Agriculture,330,Unknown,(i) 0-20 kW,,5.43,,(i) 0-20 kW | Rs. 220.00 per connection per month | 5.43
2014-15,LT_Agriculture,330,Unknown,(ii) Above 20 kW,,6.88,,(ii) Above 20 kW | Rs. 150.00 per kVA per month | 6.88
2014-15,LT_Residential,331,Unknown,2200 Hrs-0600 Hrs,,-1.5,,2200 Hrs-0600 Hrs | -1.50
2014-15,LT_Residential,331,Unknown,0600 Hrs-0900 Hrs & 1200 Hrs-1800,,0.0,,0600 Hrs-0900 Hrs & 1200 Hrs-1800 | 0.00
2014-15,LT_Residential,331,Unknown,0900 Hrs-1200 Hrs,,0.8,,0900 Hrs-1200 Hrs | 0.80
2014-15,LT_Residential,331,Unknown,1800 Hrs-2200 Hrs,,1.1,,1800 Hrs-2200 Hrs | 1.10
2014-15,LT_Industry,332,Unknown,(i) 0-20 kW,,5.51,,(i) 0-20 kW | Rs. 220.00 per connection per month | 5.51
2014-15,LT_Industry,332,Unknown,(ii) Above 20 kW,,6.98,,(ii) Above 20 kW | Rs. 150.00 per kVA per month | 6.98
2014-15,LT_Residential,333,"(A) Gram Panchayat, A, B & C Class Municipal Councils",,50.0,4.78,,"(A) Gram Panchayat, A, B & C Class Municipal Councils | 50.00 | 4.78"
2014-15,LT_Residential,333,(B) Municipal Corporation Areas,,50.0,5.8,,(B) Municipal Corporation Areas | 50.00 | 5.80
2014-15,LT_Residential,334,LT VII (A): LT – Temporary Supply Religious (TSR) – All Units,,290.0,3.71,,LT VII (A): LT – Temporary Supply Religious (TSR) – All Units | 290.00 | 3.71
2014-15,LT_Residential,335,LT VII (B): LT – Temporary Supply Others (TSO) – All Units,,360.0,15.0,,LT VII (B): LT – Temporary Supply Others (TSO) – All Units | 360.00 | 15.00
2014-15,LT_Residential,335,LT VIII: LT - Advertisements and Hoardings (All Units),,575.0,17.0,,LT VIII: LT - Advertisements and Hoardings (All Units) | 575.00 | 17.00
2014-15,LT_Residential,336,LT IX: LT - Crematorium & Burial – All units,,290.0,3.91,,LT IX: LT - Crematorium & Burial – All units | 290.00 | 3.91
2014-15,LT_PublicServices,337,0-200 units,,,4.54,,0-200 units | Rs. 220.00 per connection per month | 4.54
2014-15,LT_PublicServices,337,Above 200 units,,,5.84,,Above 200 units | Rs. 220.00 per connection per month | 5.84
2014-15,LT_PublicServices,337,(ii) >20 - ≤ 50 kW,,,6.5,,(ii) >20 - ≤ 50 kW | Rs. 220.00 per kVA per month | 6.50
2014-15,LT_PublicServices,337,(iii) > 50 kW,,,7.2,,(iii) > 50 kW | Rs. 220.00 per kVA per month | 7.20
2014-15,LT_PublicServices,338,0-200 units,,,4.92,,0-200 units | Rs. 220.00 per connection per month | 4.92
2014-15,LT_PublicServices,338,Above 200 units,,,7.22,,Above 200 units | Rs. 220.00 per connection per month | 7.22
2014-15,LT_PublicServices,338,(ii) >20 - ≤ 50 kW,,,7.32,,(ii) >20 - ≤ 50 kW | Rs. 220.00 per kVA per month | 7.32
2014-15,LT_PublicServices,338,(iii) > 50 kW,,,7.68,,(iii) > 50 kW | Rs. 220.00 per kVA per month | 7.68
2014-15,General,340,(A) Continuous Industry (on Express Feeder),,220.0,,,(A) Continuous Industry (on Express Feeder) | 220.00 | 7.21
2014-15,General,340,(B) Non-continuous Industry (not on Express Feeder),,220.0,,,(B) Non-continuous Industry (not on Express Feeder) | 220.00 | 6.71
2014-15,General,340,(C) Seasonal Industry,,220.0,,,(C) Seasonal Industry | 220.00 | 7.80
2014-15,LT_Commercial,342,(A) Express Feeders,,220.0,11.15,,(A) Express Feeders | 220.00 | 11.15
2014-15,LT_Commercial,342,(B) Non-Express Feeders,,220.0,10.62,,(B) Non-Express Feeders | 220.00 | 10.62
2014-15,HT_Commercial,343,HT III: HT - Railway Traction,,,8.46,,HT III: HT - Railway Traction | 8.46
2014-15,HT_Commercial,343,(A) Express Feeders,,220.0,5.64,,(A) Express Feeders | 220.00 | 5.64
2014-15,HT_Commercial,343,(B) Non- Express Feeders,,220.0,5.42,,(B) Non- Express Feeders | 220.00 | 5.42
2014-15,LT_Residential,345,HT V: HT - Agriculture (All Units),,30.0,3.32,,HT V: HT - Agriculture (All Units) | 30.00 | 3.32
2014-15,LT_Residential,345,HT VI: HT - Bulk Supply (Residential),,220.0,5.81,,HT VI: HT - Bulk Supply (Residential) | 220.00 | 5.81
2014-15,LT_Residential,346,HT VIII (A): HT - Temporary Supply Religious (TSR),290.00,290.0,,,HT VIII (A): HT - Temporary Supply Religious (TSR) | 290.00 | 3.71
2014-15,LT_Residential,346,HT VIII (B): HT - Temporary Supply Others (TSO),290.00,290.0,12.5,,HT VIII (B): HT - Temporary Supply Others (TSO) | 290.00 | 12.50
2014-15,LT_PublicServices,347,(i) Express Feeders,,220.0,7.2,,(i) Express Feeders | 220.00 | 7.20
2014-15,LT_PublicServices,347,(ii) Non-Express Feeders,,220.0,6.6,,(ii) Non-Express Feeders | 220.00 | 6.60
2014-15,LT_PublicServices,347,1800 Hrs-2200 Hrs,,,1.0,,1800 Hrs-2200 Hrs | 1.00
2014-15,LT_PublicServices,348,(i) Express Feeders,,220.0,8.89,,(i) Express Feeders | 220.00 | 8.89
2014-15,LT_PublicServices,348,(ii) Non-Express Feeders,,220.0,8.41,,(ii) Non-Express Feeders | 220.00 | 8.41
2014-15,LT_PublicServices,348,HT X: HT - Ports (All units),,220.0,10.91,,HT X: HT - Ports (All units) | 220.00 | 10.91
2014-15,HT_Railways,349,Unknown,,220.0,8.46,,HT XI: HT - Metro/Monorail (All units) | 220.00 | 8.46
2014-15,LT_Residential,351,1,,,0.95,,1 | 0.951 to 0.954 | 0.95 | 0%
2014-15,LT_Residential,351,2,,,0.96,,2 | 0.955 to 0.964 | 0.96 | 1%
2014-15,LT_Residential,351,3,,,0.97,,3 | 0.965 to 0.974 | 0.97 | 2%
2014-15,LT_Residential,351,4,,,0.98,,4 | 0.975 to 0.984 | 0.98 | 3%
2014-15,LT_Residential,351,5,,,0.99,,5 | 0.985 to 0.994 | 0.99 | 5%
2014-15,LT_Residential,351,6,,,1.0,,6 | 0.995 to 1.000 | 1.00 | 7%
2014-15,LT_Commercial,353,1,,,12.0,,1 | Payment after due date up to 3 months ( 0-3) | 12
2014-15,LT_Commercial,353,2,,,15.0,,2 | Payment made after 3 months and before 6 months (3-6) | 15
2014-15,LT_Commercial,353,3,,,18.0,,3 | Payment made after 6 months (>6) | 18
